cuisine_type,google_rating,total_restaurants
"Asturian, Contemporary",5,1
"Noodles, Shanghainese",5,1
"Japanese Contemporary, Mediterranean Cuisine",5,1
"Classic Cuisine, Austrian",5,1
"Modern British, Creative",5,1
"Seasonal Cuisine, Vegetarian",5,1
"Cantonese, Fujian",5,1
"Mediterranean Cuisine, Campanian",5,1
"Dwaeji-gukbap, Korean",5,1
"Grills, Contemporary",4.9,1
"Traditional Cuisine, Asturian",4.9,1
"Meats and Grills, Seafood",4.9,1
"Spanish Contemporary, Modern Cuisine",4.9,1
"Fusion, Sushi",4.9,1
"International, Italian",4.9,2
"Modern British, Sharing",4.9,1
"Cuisine from the Marches, Italian Contemporary",4.9,1
"Classic French, Creative",4.9,1
"Innovative, International",4.9,1
"Savoyard, Creative",4.9,1
"Modern Cuisine, South American",4.9,1
"Country cooking, Asian Influences",4.9,1
"Innovative, Regional Cuisine",4.9,1
"Austrian, Farm to table",4.9,1
"Modern French, Alsatian",4.9,1
"Seasonal Cuisine, Grills",4.9,1
"International, Grills",4.9,1
"Apulian, Creative",4.9,1
"Classic French, French Contemporary",4.9,1
"Creative, Japanese",4.9,1
"Asian, Asian Influences",4.9,1
"Seasonal Cuisine, Tuscan",4.9,1
"Seasonal Cuisine, Italian Contemporary",4.9,1
"Modern Cuisine, Japanese Contemporary",4.9,1
"Peruvian, International",4.9,1
"Modern French, Seafood",4.9,1
"Farm to table, Vegan",4.9,1
"Bavarian, Seasonal Cuisine",4.9,1
"Modern British, Seafood",4.9,1
"Modern Cuisine, European Contemporary",4.9,1
"Country cooking, Creative French",4.9,1
"Regional European, Farm to table",4.9,1
"French, Provençal",4.9,1
"Filipino, Creative",4.9,1
"Izakaya, Sharing",4.9,1
"Turkish, Regional Cuisine",4.9,1
Alpine,4.9,1
"Contemporary, Emilian",4.9,1
"Korean, Classic Cuisine",4.9,1
"Regional Cuisine, Spanish",4.9,1
"Indian, Modern Cuisine",4.9,1
"Farm to table, Regional European",4.9,1
"Vegan, Vegetarian",4.866666666666670,3
"Modern Cuisine, Vegetarian",4.85,2
"Contemporary, Sharing",4.85,2
"Creative, Calabrian",4.85,2
Creative British,4.816666666666670,6
"Seasonal Cuisine, Country cooking",4.816666666666670,6
"Modern Cuisine, Russian",4.800000000000000,2
"Regional Cuisine, Creative",4.800000000000000,2
"Norwegian, Modern Cuisine",4.800000000000000,2
Cuisine from Lazio,4.800000000000000,2
"Contemporary, Steakhouse",4.800000000000000,2
"Turkish, Creative",4.800000000000000,2
"Creative, Austrian",4.800000000000000,2
"Organic, Creative",4.8,1
"Creative, Alsatian",4.8,1
"Modern Cuisine, Hungarian",4.8,8
"Contemporary, Turkish",4.8,1
"Italian, Japanese Contemporary",4.8,1
"Irish, Modern Cuisine",4.8,1
"Contemporary, Asian Contemporary",4.8,1
"Classic French, French",4.8,1
"Vegetarian, Organic",4.8,1
"Creative, Umbrian",4.8,1
"Modern French, Country cooking",4.8,1
"French Contemporary, Contemporary",4.8,1
"Alpine, Mediterranean Cuisine",4.8,1
"Mantuan, Classic Cuisine",4.8,1
"French Contemporary, Innovative",4.8,1
"Creative French, French Contemporary",4.8,1
"Seasonal Cuisine, Modern French",4.8,1
"Chinese, Modern Cuisine",4.8,1
"Mediterranean Cuisine, Israeli",4.8,1
"Vegetarian, Asian Influences",4.8,1
"Modern Cuisine, Middle Eastern",4.8,1
"Japanese Contemporary, Modern Cuisine",4.8,1
"Apulian, Contemporary",4.8,1
"International, Creative",4.8,2
"European Contemporary, European",4.8,1
"Classic French, Contemporary",4.8,1
"Vegetarian, Mediterranean Cuisine",4.8,1
"Provençal, Contemporary",4.8,1
"Cuisine from Romagna, Modern Cuisine",4.8,1
"European, Mediterranean Cuisine",4.8,1
"French, Asian",4.8,1
"Creative, French",4.8,1
"Thai, International",4.8,1
"Italian Contemporary, Japanese",4.8,1
"Polish, Dumplings",4.8,1
"Organic, Vegan",4.8,1
"Modern Cuisine, Cuisine from Romagna",4.8,1
"Traditional Cuisine, Organic",4.8,1
"Innovative, Italian Contemporary",4.8,1
"Lombardian, Classic Cuisine",4.8,1
"Regional Cuisine, Fusion",4.8,2
"Creative French, Farm to table",4.8,1
"African, Creative",4.8,1
"Mediterranean Cuisine, Meats and Grills",4.8,1
"Teppanyaki, Japanese",4.8,1
"Swabian, Farm to table",4.8,1
"Sharing, Modern Cuisine",4.8,1
"Scandinavian, Farm to table",4.8,1
"Creative, Swiss",4.8,1
"Mexican, Vegetarian",4.8,1
"Roman, Mediterranean Cuisine",4.8,1
"Meats and Grills, Latin American",4.8,1
"Modern Cuisine, Portuguese",4.8,1
"Vegetarian, Modern Cuisine",4.8,6
"Contemporary, Cuisine from the Marches",4.8,1
"Asian, South American",4.8,1
"Country cooking, Alpine",4.8,1
"Vegan, North American",4.8,1
"Swiss, Farm to table",4.8,1
"Innovative, Lombardian",4.8,1
"Grills, Meats and Seafood",4.8,1
"Regional Cuisine, Swiss",4.8,2
"Corsican, Country cooking",4.8,1
"Yakitori, Japanese",4.8,1
"Balkan, Country cooking",4.8,1
"Meats and Grills, Steakhouse",4.8,1
Colombian,4.8,1
"Vegan, Seasonal Cuisine",4.8,1
"Contemporary, Innovative",4.8,3
Cambodian,4.8,1
"Vegan, Farm to table",4.8,1
"Italian Contemporary, Lombardian",4.8,1
"Central Asian, Regional Cuisine",4.8,1
"Contemporary, Vegetarian",4.8,1
"Pizza, American Contemporary",4.8,1
"Modern Cuisine, Greek",4.8,1
"Innovative, Umbrian",4.8,1
"Creative, Castilian",4.8,1
"Sardinian, Creative",4.8,1
"Asian and Western, Modern Cuisine",4.8,1
"Basque, Traditional Cuisine",4.8,1
"Seasonal Cuisine, Belgian",4.8,1
"Japanese, Steakhouse",4.8,1
"Farm to table, Cuisine from South West France",4.8,1
"Vegan, Chinese",4.8,1
"Umbrian, Creative",4.8,1
"Innovative, Italian",4.8,1
"Sushi, Japanese Contemporary",4.8,1
"Modern Cuisine, Apulian",4.8,1
"South African, Modern Cuisine",4.8,1
"Modern French, Creative French",4.775,4
"Modern Cuisine, Provençal",4.766666666666670,3
"Creative, Mediterranean Cuisine",4.765,20
"Creative, Asian Influences",4.76,5
"Creative, Seasonal Cuisine",4.751282051282050,39
"Modern Cuisine, Asian Contemporary",4.75,2
"French, Modern French",4.75,2
"Seafood, French",4.75,2
"Vegetarian, Seasonal Cuisine",4.75,2
"Ligurian, Contemporary",4.75,2
"Provençal, Modern Cuisine",4.75,2
"Classic Cuisine, Contemporary",4.75,8
"French, Country cooking",4.75,2
"Creative French, Modern Cuisine",4.75,4
Irish,4.75,2
"Creative, French Contemporary",4.75,2
"French Contemporary, Modern French",4.75,2
"Creative French, Seasonal Cuisine",4.75,2
"Modern Cuisine, European",4.75,2
Japanese Steakhouse,4.75,2
"Italian Contemporary, Tuscan",4.75,2
"Creative, Portuguese",4.75,2
"Organic, Country cooking",4.75,2
"Modern Cuisine, Regional European",4.75,2
"Modern French, Asian Influences",4.75,2
"Modern Cuisine, Swedish",4.75,2
"Sushi, Japanese",4.75,6
"Organic, Farm to table",4.75,2
"Classic Cuisine, Modern French",4.75,2
"Creative French, Modern French",4.74,5
"Seasonal Cuisine, Creative",4.74,5
"Classic Cuisine, Modern Cuisine",4.7375,16
"Creative, Creative French",4.733333333333330,3
"Country cooking, Italian Contemporary",4.733333333333330,3
"Czech, Contemporary",4.733333333333330,3
African,4.733333333333330,4
"Modern Cuisine, Austrian",4.733333333333330,3
"Modern Cuisine, Scandinavian",4.733333333333330,3
"Creative, Farm to table",4.733333333333330,15
"Tempura, Japanese",4.733333333333330,3
"Contemporary, Italian Contemporary",4.728571428571430,8
"Classic French, Seasonal Cuisine",4.728571428571430,7
"Modern British, Regional Cuisine",4.725,4
"Creative, Sicilian",4.725,4
"Contemporary, Seasonal Cuisine",4.723809523809520,21
"Creative, Modern French",4.723076923076920,14
"Creative, International",4.721428571428570,14
"Regional Cuisine, Modern Cuisine",4.721052631578950,19
"Mediterranean Cuisine, Regional Cuisine",4.720000000000000,5
"Modern Cuisine, Regional Cuisine",4.717391304347830,23
"Farm to table, Modern French",4.716666666666670,6
"Farm to table, Seasonal Cuisine",4.706896551724140,29
"Farm to table, International",4.704761904761910,21
"Asian Influences, Regional Cuisine",4.7,1
"Gastropub, English",4.7,1
"Italian, Steakhouse",4.7,1
"Swiss, Regional Cuisine",4.7,1
"Mantuan, Modern Cuisine",4.7,1
"Mantuan, Italian Contemporary",4.7,1
"Swiss, Traditional Cuisine",4.7,2
"Japanese, Korean",4.7,1
"Italian Contemporary, Emilian",4.7,1
"Modern British, Grills",4.7,1
"Tuscan, Home Cooking",4.7,1
"Sharing, Contemporary",4.7,2
"Fusion, Japanese Contemporary",4.7,2
"Mexican, Bakery",4.7,1
"Asian Influences, Contemporary",4.7,1
"Vegan, Italian-American",4.7,1
"Regional Cuisine, Mediterranean Cuisine",4.7,3
"Classic Cuisine, Creative",4.7,2
"Cheese, Fondue and Raclette, Swiss",4.7,1
"Mexican, Fusion",4.7,3
"Traditional British, Regional Cuisine",4.7,1
"Austrian, Modern Cuisine",4.7,2
South African,4.7,2
"Contemporary, Shellfish Specialities",4.7,1
"International, French",4.7,2
"Italian, Meats and Grills",4.7,1
"Fusion, Modern Cuisine",4.7,3
"French Contemporary, Asian Influences",4.7,3
"Contemporary, Venetian",4.7,1
"Sharing, Country cooking",4.7,1
"Modern Cuisine, Irish",4.7,1
"Classic French, Traditional Cuisine",4.7,3
"Regional Cuisine, Traditional British",4.7,1
"Austrian, Seasonal Cuisine",4.7,1
"Italian-American, Contemporary",4.7,1
"Meats and Grills, Umbrian",4.7,1
Australian Contemporary,4.7,2
"Japanese Contemporary, European",4.7,1
"Innovative, Alpine",4.7,1
"Modern Cuisine, French",4.7,10
"Modern Cuisine, Scottish",4.7,2
"Regional Cuisine, Grills",4.7,1
"Creative, Asian Contemporary",4.7,1
"Californian, American Contemporary",4.7,1
English,4.7,1
"Mexican, Persian",4.7,1
"Classic French, Classic Cuisine",4.7,1
"Country cooking, Classic French",4.7,1
"International, Austrian",4.7,2
"Innovative, Farm to table",4.7,1
"Thai, Asian Contemporary",4.7,1
"Japanese, American",4.7,1
"German, Home Cooking",4.7,1
"Swiss, Country cooking",4.7,1
"International, Sharing",4.7,1
"Asian Influences, World Cuisine",4.7,1
"Peruvian, World Cuisine",4.7,1
"Catalan, Contemporary",4.7,1
"Innovative, Swiss",4.7,1
"Contemporary, Creative French",4.7,1
"Creative, Bakery",4.7,1
"Seafood, Italian-American",4.7,1
"Vegetarian, Latin American",4.7,1
"Italian, Modern French",4.7,1
"Modern Cuisine, Cuisine from the Marches",4.7,1
"Galician, Creative",4.7,1
"Home Cooking, Country cooking",4.7,1
"Innovative, Singaporean",4.7,1
"Traditional Cuisine, Innovative",4.7,1
"Italian Contemporary, Vegetarian",4.7,1
"Lombardian, Country cooking",4.7,2
"South East Asian, Indian",4.7,1
"Traditional Cuisine, International",4.7,4
"Japanese, Seasonal Cuisine",4.7,1
"Cuisine from Abruzzo, Contemporary",4.7,4
"Japanese Contemporary, Japanese",4.7,1
"Seasonal Cuisine, World Cuisine",4.7,1
"Alpine, Swiss",4.7,1
"Japanese, International",4.7,1
"Rice Dishes, Regional Cuisine",4.7,1
"French Contemporary, International",4.7,6
"International, American Contemporary",4.7,1
Sharing,4.7,5
"Modern French, Mediterranean Cuisine",4.7,4
"Cuisine from the Aosta Valley, Regional Cuisine",4.7,1
"Traditional Cuisine, Spanish",4.7,1
"Italian Contemporary, French",4.7,1
"Meats and Grills, Regional European",4.7,1
"Modern Cuisine, Japanese",4.7,1
Hubei,4.7,3
"Fusion, Regional Cuisine",4.7,1
"Barbecue, Egyptian",4.7,1
"Bavarian, Traditional Cuisine",4.7,1
"Sardinian, Home Cooking",4.7,1
"Lombardian, Regional Cuisine",4.7,1
"Tuscan, Creative",4.7,3
"French Contemporary, Classic French",4.7,1
"Californian, Italian",4.7,1
"Cuisine from Abruzzo, Seasonal Cuisine",4.7,1
"Contemporary, Scandinavian",4.7,1
"Indonesian, Fusion",4.7,2
"Contemporary, South East Asian",4.7,1
"Seafood, Scottish",4.7,1
"Modern French, World Cuisine",4.7,1
"Regional Cuisine, Meats and Grills",4.7,1
"Croatian, Seafood",4.7,1
Chicken Specialities,4.7,1
"Italian, Milanese",4.7,1
"Creative, Asturian",4.7,1
"Regional Cuisine, Norwegian",4.7,1
"International, Small eats",4.7,1
"French Contemporary, Classic Cuisine",4.7,2
"Contemporary, Croatian",4.7,1
"Tuscan, Seasonal Cuisine",4.7,1
"South East Asian, Lao",4.7,1
"Creative British, Modern Cuisine",4.7,1
"Polish, Eastern European",4.7,1
"Deli, Italian",4.7,1
"Vegan, Asian",4.7,1
"Modern French, Classic Cuisine",4.7,5
"Mantuan, Lombardian",4.7,1
"Lao, Street Food",4.7,1
"German, Seasonal Cuisine",4.7,2
"Classic French, Creative French",4.7,1
"Contemporary, Chinese",4.7,1
"406 Kameyacho, Nakagyo-ku, Kyoto, 604-0941, Japan",4.7,1
"Country cooking, Campanian",4.7,1
"Moroccan, Mexican",4.7,1
"Scottish, Southern",4.7,1
"Japanese, Barbecue",4.7,1
"Creative, Spanish",4.7,1
"Portuguese, Mediterranean Cuisine",4.7,1
"Farm to table, Mediterranean Cuisine",4.7,4
"Regional Cuisine, South Tyrolean",4.7,1
"Creative French, International",4.7,1
"Alpine, Regional Cuisine",4.7,5
"Alpine, Classic Cuisine",4.7,1
"Argentinian, Meats and Grills",4.700000000000000,2
"French, Asian Influences",4.700000000000000,2
"Italian, Campanian",4.700000000000000,2
Balkan,4.700000000000000,2
"Innovative, Creative",4.700000000000000,2
"French Contemporary, Creative French",4.700000000000000,4
"Alpine, Creative",4.700000000000000,2
"Classic Cuisine, Italian Contemporary",4.700000000000000,2
"Modern Cuisine, Danish",4.700000000000000,2
"Japanese, Modern Cuisine",4.700000000000000,2
"Modern Cuisine, Farm to table",4.696610169491530,60
"Classic Cuisine, Mediterranean Cuisine",4.6923076923076900,13
"Modern Cuisine, Seasonal Cuisine",4.6900000000000000,60
"Modern Cuisine, Creative",4.689430894308940,123
Hungarian,4.685714285714290,7
Creative French,4.682857142857140,35
"French, Californian",4.68,5
"Seasonal Cuisine, Contemporary",4.68,6
"Japanese, Contemporary",4.676923076923080,13
"International, Country cooking",4.675,8
"Modern French, Seasonal Cuisine",4.675,12
"Creative, Fusion",4.675,4
"Italian Contemporary, Seasonal Cuisine",4.675,4
"International, Traditional Cuisine",4.675,4
"French Contemporary, Seasonal Cuisine",4.675,4
"Seasonal Cuisine, Modern Cuisine",4.675,20
"Creative, Modern Cuisine",4.672881355932200,118
"Farm to table, Creative",4.672727272727270,11
"Classic French, Farm to table",4.671428571428570,14
"Traditional Cuisine, Regional Cuisine",4.671428571428570,14
"Italian Contemporary, Regional Cuisine",4.666666666666670,3
"Contemporary, Campanian",4.666666666666670,3
"Country cooking, Home Cooking",4.666666666666670,6
"Traditional Cuisine, Swiss",4.666666666666670,3
"Mediterranean Cuisine, Italian Contemporary",4.666666666666670,3
"Japanese, Tempura",4.666666666666670,6
"Country cooking, Seasonal Cuisine",4.663157894736840,19
"Mediterranean Cuisine, Creative",4.6625,8
"Creative, Country cooking",4.6625,8
"Austrian, Regional Cuisine",4.66,5
"French, Classic French",4.66,5
"Modern French, French",4.660000000000000,5
"Fusion, Creative",4.6571428571428600,7
"Italian Contemporary, Modern Cuisine",4.6571428571428600,14
"Classic Cuisine, Farm to table",4.657142857142860,21
"Farm to table, Modern Cuisine",4.654285714285720,35
"Creative, Regional Cuisine",4.653846153846150,13
"Asian, Mediterranean Cuisine",4.65,2
"French, Seasonal Cuisine",4.65,2
"Creative, Vegetarian",4.65,2
"Italian Contemporary, Sicilian",4.65,2
"Modern Cuisine, Alpine",4.65,2
"Meats and Grills, Argentinian",4.65,2
"Regional Cuisine, Innovative",4.65,4
"World Cuisine, Farm to table",4.65,2
"Country cooking, Grills",4.65,2
"Japanese, Californian",4.65,2
"Korean, Fusion",4.65,2
"Creative, Hungarian",4.65,2
"Spanish, Fusion",4.65,2
"Emilian, Modern Cuisine",4.65,4
"Middle Eastern, Lebanese",4.65,2
"Vegan, Japanese",4.65,2
"Modern French, Fusion",4.65,2
"World Cuisine, Creative French",4.65,2
"Californian, Modern Cuisine",4.65,2
"Piedmontese, Seafood",4.65,2
"Japanese, Japanese Contemporary",4.65,2
Meats and Seafood,4.65,4
"Mediterranean Cuisine, Swiss",4.65,2
"Regional Cuisine, Austrian",4.65,2
"Creative, Scandinavian",4.65,2
"Mediterranean Cuisine, Farm to table",4.65,8
"Campanian, Classic Cuisine",4.65,2
Umbrian,4.65,2
"Farm to table, Creative French",4.65,2
"Modern French, Contemporary",4.6500000000000000,4
"Korean, Contemporary",4.6500000000000000,14
"Contemporary, Creative",4.6500000000000000,29
"Creative, Classic Cuisine",4.6500000000000000,6
Modern British,4.644816053511710,301
"Modern Cuisine, International",4.644736842105260,38
"Creative, Innovative",4.644444444444440,9
"Regional Cuisine, International",4.644444444444440,9
Creative,4.644352159468440,603
British Contemporary,4.644,25
Seasonal Cuisine,4.6433333333333300,30
"Farm to table, Classic Cuisine",4.642857142857140,14
Classic French,4.641666666666670,72
Modern Cuisine,4.640977581771410,2733
"Scandinavian, Contemporary",4.64,5
Scandinavian,4.64,5
Korean Contemporary,4.64,5
"Italian Contemporary, Mediterranean Cuisine",4.64,5
"Asian Influences, Modern Cuisine",4.64,5
"Farm to table, French Contemporary",4.64,5
"Contemporary, Classic Cuisine",4.64,11
Asian and Western,4.64,5
"Sicilian, Modern Cuisine",4.638461538461540,13
"Classic Cuisine, Traditional Cuisine",4.6375,8
"Creative, Seafood",4.6375,8
"Country cooking, Contemporary",4.636842105263160,19
"Creative, Traditional Cuisine",4.633333333333330,6
"Creative, Organic",4.633333333333330,6
"International, Fusion",4.633333333333330,3
"Cuisine from the Aosta Valley, Classic Cuisine",4.633333333333330,3
"Country cooking, International",4.633333333333330,24
"Cantonese, Sichuan",4.633333333333330,3
"Emilian, Regional Cuisine",4.633333333333330,3
"Creative French, Fusion",4.633333333333330,3
"Steakhouse, American Contemporary",4.633333333333330,3
"Modern Cuisine, Campanian",4.633333333333330,3
"Traditional Cuisine, Seasonal Cuisine",4.633333333333330,7
"Modern Cuisine, Mediterranean Cuisine",4.632432432432430,37
"Traditional Cuisine, Classic Cuisine",4.63125,17
"Country cooking, Modern Cuisine",4.630952380952380,43
"Japanese, Sushi",4.628947368421050,114
"Country cooking, Farm to table",4.628571428571430,64
"International, Farm to table",4.628571428571430,21
Lombardian,4.628571428571430,7
"Creative, Italian Contemporary",4.628571428571430,7
"International, Regional Cuisine",4.628571428571430,7
"Malaysian, Contemporary",4.628571428571430,7
"French, Modern Cuisine",4.628571428571430,7
Modern French,4.628089887640450,179
"Creative, Contemporary",4.628,75
"Modern Cuisine, Classic Cuisine",4.628,25
"Seasonal Cuisine, Regional Cuisine",4.627272727272730,11
Farm to table,4.625510204081630,198
"Modern Cuisine, Asian",4.625,4
"Farm to table, Contemporary",4.625,12
Central Asian,4.625,4
"Fusion, Asian Influences",4.625,4
"Country cooking, Classic Cuisine",4.623529411764710,17
"International, Modern Cuisine",4.6230769230769200,13
"Italian, American",4.62,5
"Mexican, Creative",4.62,5
"Modern Cuisine, Classic French",4.62,5
"Tuscan, Contemporary",4.620000000000000,5
Fusion,4.619696969696970,66
"Modern French, Farm to table",4.618181818181820,11
"Country cooking, Creative",4.615384615384620,26
"Regional Cuisine, Classic Cuisine",4.615,20
"Country cooking, Traditional Cuisine",4.614634146341460,43
"Tuscan, Modern Cuisine",4.614285714285710,8
"Campanian, Contemporary",4.614285714285710,7
"Modern Cuisine, Traditional Cuisine",4.611538461538460,26
"Vegetarian, Vegan",4.611111111111110,9
"Traditional Cuisine, Contemporary",4.61,10
"Modern Cuisine, Italian Contemporary",4.609090909090910,11
"Classic Cuisine, Seasonal Cuisine",4.609090909090910,22
"Contemporary, Mediterranean Cuisine",4.607407407407410,27
"Contemporary, Regional Cuisine",4.606896551724140,29
"Italian, Modern Cuisine",4.6045454545454500,22
Italian Contemporary,4.603030303030300,100
"Farm to table, Regional Cuisine",4.6000000000000000,22
"Grills, Argentinian",4.6000000000000000,3
Regional European,4.6000000000000000,3
"Farm to table, French",4.6000000000000000,3
American Contemporary,4.6000000000000000,3
"Modern Cuisine, Meats and Grills",4.6000000000000000,3
Vietnamese Contemporary,4.6000000000000000,11
"Mediterranean Cuisine, French Contemporary",4.6000000000000000,3
"Classic French, Regional Cuisine",4.6000000000000000,3
"Tuscan, Meats and Grills",4.6000000000000000,3
"Italian, International",4.6000000000000000,3
"Barbecue, American",4.6000000000000000,6
"Modern Cuisine, Seafood",4.6000000000000000,19
"Traditional Cuisine, Country cooking",4.6000000000000000,14
"Contemporary, American Contemporary",4.6,8
"Cuisine from Lazio, Creative",4.6,1
"Modern Cuisine, Innovative",4.6,5
"Cuisine from the Aosta Valley, Modern Cuisine",4.6,2
"Japanese, Farm to table",4.6,1
"Steakhouse, Contemporary",4.6,2
"Japanese, Creative",4.6,4
"Creative, Catalan",4.6,1
"Ramen, Japanese",4.6,2
"Japanese, Yakitori",4.6,1
"Grills, International",4.6,2
"Mexican, Seafood",4.6,8
"Classic Cuisine, Irish",4.6,1
"French Contemporary, Modern Cuisine",4.6,2
"Mediterranean Cuisine, Asian",4.6,1
"Teppanyaki, Asian Influences",4.6,1
"World Cuisine, Contemporary",4.6,1
"Middle Eastern, Fusion",4.6,1
"Peruvian, Regional Cuisine",4.6,1
"Piedmontese, Country cooking",4.6,1
"Middle Eastern, Mediterranean Cuisine",4.6,2
"Seafood, Meats and Grills",4.6,1
"French, Fusion",4.6,1
"Mediterranean Cuisine, Lebanese",4.6,1
Armenian,4.6,2
"Meats and Grills, Creative",4.6,1
"Ligurian, Creative",4.6,2
"Italian, North American",4.6,1
"Chinese, American",4.6,1
"Asian, Taiwanese",4.6,1
"Scandinavian, Country cooking",4.6,1
"American, French",4.6,2
"Campanian, Italian Contemporary",4.6,1
"Seasonal Cuisine, Austrian",4.6,2
"Contemporary, Korean Contemporary",4.6,1
"Seafood, Friulian",4.6,1
"Venetian, Country cooking",4.6,1
"Unagi / Freshwater Eel, Japanese",4.6,1
"Apulian, Traditional Cuisine",4.6,4
"Piedmontese, Italian",4.6,1
"Tonkatsu, Yoshoku",4.6,1
"Ligurian, Traditional Cuisine",4.6,2
"Vietnamese, French",4.6,2
"Meats and Grills, Regional Cuisine",4.6,2
"Modern British, Contemporary",4.6,1
Castilian,4.6,1
"Country cooking, Cuisine from the Marches",4.6,2
"Japanese, Okonomiyaki",4.6,1
"North African, Mediterranean Cuisine",4.6,1
"Jiangzhe, Cantonese",4.6,1
"Modern Cuisine, Catalan",4.6,2
"Galician, Contemporary",4.6,1
"Contemporary, Italian-American",4.6,2
"Middle Eastern, Californian",4.6,1
"Traditional Cuisine, Portuguese",4.6,1
"Modern French, Cuisine from the Marches",4.6,1
"Belgian, French",4.6,1
"Modern French, Vegetarian",4.6,1
Asturian,4.6,1
"Danish, Country cooking",4.6,1
"Traditional Cuisine, Italian",4.6,2
"Home Cooking, Creative French",4.6,1
"Noodles, Asian",4.6,1
"Cuisine from the Aosta Valley, Contemporary",4.6,1
"Classic Cuisine, Creative French",4.6,1
"Cuisine from Basilicata, Modern Cuisine",4.6,1
"Pizza, Contemporary",4.6,1
"Japanese Contemporary, Creative",4.6,1
"Meats and Grills, Contemporary",4.6,1
"Portuguese, Contemporary",4.6,1
"Friulian, Traditional Cuisine",4.6,2
"Catalan, Grills",4.6,1
"Italian-American, American",4.6,1
"Innovative, Korean",4.6,1
"Italian, Organic",4.6,1
"Provençal, Classic Cuisine",4.6,1
"Mediterranean Cuisine, Californian",4.6,1
"Modern Cuisine, South Tyrolean",4.6,1
"American, Deli",4.6,1
"Cuisine from Lazio, Seasonal Cuisine",4.6,1
"Asian, Chicken Specialities",4.6,1
"Mediterranean Cuisine, Croatian",4.6,1
"Barbecue, Deli",4.6,1
"Croatian, Contemporary",4.6,1
"Italian, Creative",4.6,8
"Calabrian, Classic Cuisine",4.6,1
"Asian Influences, Creative",4.6,2
"Cuisine from Abruzzo, Modern Cuisine",4.6,2
"World Cuisine, International",4.6,1
"Cuban, Spanish",4.6,1
"Galician, Traditional Cuisine",4.6,1
"French, Steakhouse",4.6,1
"Modern Cuisine, Gastropub",4.6,1
"Fusion, Farm to table",4.6,1
"Californian, Seasonal Cuisine",4.6,1
"Modern Cuisine, Indonesian",4.6,1
Puerto Rican,4.6,1
Beef,4.6,6
"Modern Cuisine, Andalusian",4.6,1
Sukiyaki,4.6,2
"Lebanese, Contemporary",4.6,1
"Japanese Contemporary, Seasonal Cuisine",4.6,1
"International, Swiss",4.6,1
"Creative, Campanian",4.6,1
"Country cooking, French Contemporary",4.6,2
"International, French Contemporary",4.6,2
"Greek, Californian",4.6,1
"South Tyrolean, Seasonal Cuisine",4.6,1
"Seafood, Shellfish Specialities",4.6,1
"Seafood, Fish and Chips",4.6,1
"Italian, Brazilian",4.6,1
"Mexican, Vegan",4.6,1
"Venezuelan, Latin American",4.6,1
"Meats and Grills, Seasonal Cuisine",4.6,1
"Seafood, Galician",4.6,3
"Filipino, Cuban",4.6,1
Finnish,4.6,1
"Cuisine from Romagna, Regional Cuisine",4.6,1
"European Contemporary, Grills",4.6,1
"Italian Contemporary, Cuisine from the Aosta Valley",4.6,1
"Creative, Emilian",4.6,1
"Meats and Grills, Traditional British",4.6,1
"Seasonal Cuisine, French Contemporary",4.6,1
"Creative French, Classic Cuisine",4.6,2
"Creative, Brazilian",4.6,1
"Grills, Farm to table",4.6,1
"Ligurian, Seasonal Cuisine",4.6,1
"Seafood, Campanian",4.6,1
"Cuisine from the Marches, Modern Cuisine",4.6,1
"Californian, Pizza",4.6,1
"Cuisine from the Marches, Meats and Grills",4.6,1
"Korean, Korean Contemporary",4.6,4
Cuisine from Valtellina,4.6,2
"Classic Cuisine, Tuscan",4.6,1
"Croatian, Italian",4.6,1
"Modern Cuisine, Creative French",4.6,5
"Balkan, Meats and Grills",4.6,1
"Lyonnaise, Traditional Cuisine",4.6,1
"Smørrebrød, Danish",4.6,1
"Contemporary, Korean",4.6,2
"Traditional Cuisine, Meats and Grills",4.6,5
"Organic, Modern French",4.6,1
"Thai, Traditional Cuisine",4.6,1
"Classic Cuisine, Classic French",4.6,1
"Latin American, American Contemporary",4.6,1
"Cuisine from Valtellina, Traditional Cuisine",4.6,1
"Italian, Gastropub",4.6,1
"Regional European, Country cooking",4.6,2
"Innovative, Contemporary",4.6,1
"Fusion, Italian Contemporary",4.6,1
"Chinese, Fusion",4.6,1
"Italian, Czech",4.6,1
"Country cooking, Organic",4.6,1
"Contemporary, Alsatian",4.6,1
"Steakhouse, Meats and Grills",4.6,1
"Brazilian, Contemporary",4.6,2
"Seasonal Cuisine, Alpine",4.6,2
"Farm to table, Bavarian",4.6,1
"Calabrian, Contemporary",4.6,1
"Seafood, Creative",4.6,2
Smørrebrød,4.6,3
"Contemporary, Latin American",4.6,1
"Pork, Regional Cuisine",4.6,1
"Gastropub, American Contemporary",4.6,1
"Modern British, Modern Cuisine",4.6,1
"Lombardian, Italian",4.6,2
"Sri Lankan, Indian",4.6,1
"Campanian, Creative",4.6,1
"Piedmontese, Regional Cuisine",4.6,1
"Fusion, Asian and Western",4.6,1
"Japanese, Asian Contemporary",4.6,2
"Mediterranean Cuisine, Ligurian",4.6,1
"Middle Eastern, Grills",4.6,1
"Classic French, Modern Cuisine",4.6,2
"Modern Cuisine, Rice Dishes",4.6,1
"Steakhouse, North American",4.6,1
"Contemporary, Lombardian",4.6,1
"Sardinian, Mediterranean Cuisine",4.6,1
"International, Seafood",4.6,1
"Fusion, Creole",4.6,1
"Sicilian, Country cooking",4.6,1
"Spanish, Catalan",4.6,1
"Asian, German",4.6,1
"International, American",4.6,1
"Farm to table, Piedmontese",4.6,1
"Moroccan, Contemporary",4.6,1
"Mediterranean Cuisine, Classic French",4.6,1
"Modern Cuisine, Corsican",4.6,1
"American, Gastropub",4.6,2
"Peruvian, Farm to table",4.6,1
"Egyptian, Regional Cuisine",4.6,1
"Californian, Creative",4.6,1
"Nepali, Indian",4.6,1
"European, Californian",4.6,1
"Contemporary, Regional European",4.6,1
"French, Creative",4.6,1
"Cuisine from Valtellina, Modern Cuisine",4.6,1
"Contemporary, Piedmontese",4.6,1
"Regional Cuisine, Asian Influences",4.6,2
"Middle Eastern, Vegetarian",4.6,1
"Lebanese, Armenian",4.6,1
"Modern Cuisine, Spanish",4.6,1
"Seasonal Cuisine, Classic Cuisine",4.6,8
"Japanese, Seafood",4.6,2
"Modern Cuisine, German",4.6,1
"Asian Influences, Asian and Western",4.6,1
"Home Cooking, International",4.6,1
"Steakhouse, Italian",4.6,2
"Classic French, Italian Contemporary",4.6,1
"Moroccan, Middle Eastern",4.6,1
"Fusion, Traditional Cuisine",4.6,1
"Fusion, Japanese",4.6,1
"Modern Cuisine, Brazilian",4.6,1
"Contemporary, Middle Eastern",4.6,1
"Contemporary, Caribbean",4.6,1
"Regional Cuisine, Pizza",4.6,1
"Country cooking, German",4.6,1
Ethiopian,4.6,5
"Modern Cuisine, Country cooking",4.595000000000000,20
"Contemporary, French",4.593333333333330,16
"International, Seasonal Cuisine",4.593333333333330,16
Country cooking,4.593023255813950,86
"Seasonal Cuisine, Farm to table",4.590909090909090,22
"International, Classic Cuisine",4.590909090909090,11
Thai contemporary,4.589285714285710,28
"Modern Cuisine, French Contemporary",4.588888888888890,9
"Modern Cuisine, Modern French",4.5875,8
"Country cooking, Regional Cuisine",4.5875,9
"French, Classic Cuisine",4.585714285714290,7
"Modern Cuisine, Fusion",4.585714285714290,7
"Regional Cuisine, Traditional Cuisine",4.5851851851851900,28
"Farm to table, Country cooking",4.585,20
"Mediterranean Cuisine, Classic Cuisine",4.584615384615380,13
"Piedmontese, Traditional Cuisine",4.584375,32
"Modern Cuisine, Asian Influences",4.583333333333330,6
Breton,4.583333333333330,6
South East Asian,4.583333333333330,6
"Contemporary, Californian",4.583333333333330,12
"Japanese, Asian",4.583333333333330,6
"Traditional Cuisine, Mediterranean Cuisine",4.583333333333330,6
"Seasonal Cuisine, International",4.58,10
"Contemporary, Andalusian",4.58,5
"Modern Cuisine, Italian",4.58,5
"Umbrian, Traditional Cuisine",4.58,5
"Piedmontese, Contemporary",4.58,10
"Modern Cuisine, Contemporary",4.579487179487180,39
International,4.578,100
"Regional Cuisine, Seasonal Cuisine",4.576315789473690,39
Contemporary,4.575456389452330,496
"Traditional Cuisine, Creative",4.575,8
Regional Cuisine,4.575,142
Vegan,4.575,12
Asian Contemporary,4.575,17
"Sardinian, Modern Cuisine",4.575,4
"Italian Contemporary, Seafood",4.575,4
Home Cooking,4.575,4
Cuisine from Abruzzo,4.575,4
"Seafood, Grills",4.575,5
"Austrian, International",4.575,5
"Seafood, Italian Contemporary",4.575,4
"Sardinian, Traditional Cuisine",4.575000000000000,4
"Piedmontese, Modern Cuisine",4.573333333333330,15
"Seafood, Modern Cuisine",4.5729729729729700,37
"Modern Cuisine, Turkish",4.571428571428570,7
"Regional Cuisine, Farm to table",4.57,11
"Contemporary, Fusion",4.57,10
Classic Cuisine,4.569585253456220,221
French Contemporary,4.56793893129771,132
"French Contemporary, Farm to table",4.566666666666670,3
Norwegian,4.566666666666670,3
"Mediterranean Cuisine, Greek",4.566666666666670,3
"Country cooking, Mediterranean Cuisine",4.566666666666670,9
"Korean, Modern Cuisine",4.566666666666670,3
"Classic Cuisine, International",4.566666666666670,9
"Ethiopian, Regional Cuisine",4.566666666666670,3
"Mediterranean Cuisine, Asian Influences",4.566666666666670,3
"Meats and Grills, Traditional Cuisine",4.566666666666670,3
"Modern Cuisine, Cuisine from Abruzzo",4.566666666666670,3
"Japanese, Classic Cuisine",4.566666666666670,3
"Contemporary, Mexican",4.566666666666670,9
"Creative, Classic French",4.566666666666670,3
Filipino,4.566666666666670,6
"Piedmontese, Classic Cuisine",4.566666666666670,6
"French, French Contemporary",4.5625,8
"Italian, Seasonal Cuisine",4.5625,8
"Classic Cuisine, Regional Cuisine",4.5625,8
"Contemporary, Modern Cuisine",4.5625,32
Latin American,4.5625,16
"Japanese, Ramen",4.561538461538460,13
"International, Meats and Grills",4.5600000000000000,5
"Classic Cuisine, Country cooking",4.5600000000000000,15
"Barbecue, Regional Cuisine",4.5600000000000000,5
"International, Contemporary",4.5600000000000000,10
"Contemporary, American",4.558620689655170,29
"Regional Cuisine, Contemporary",4.558333333333330,12
"Seasonal Cuisine, Mediterranean Cuisine",4.557142857142860,7
Japanese,4.552975047984650,539
Tempura,4.551162790697670,43
"Cuisine from the Marches, Traditional Cuisine",4.550000000000000,2
"Seasonal Cuisine, French",4.550000000000000,2
"Barbecue, Asian",4.550000000000000,2
"Ligurian, Seafood",4.550000000000000,2
"Contemporary, Galician",4.550000000000000,2
"Seafood, Spanish",4.550000000000000,2
"Japanese, Shabu-shabu",4.550000000000000,2
"Colombian, Contemporary",4.550000000000000,2
"Southern Thai, Contemporary",4.550000000000000,2
"Italian, Italian Contemporary",4.55,4
"Mexican, Mediterranean Cuisine",4.55,2
"Italian Contemporary, Ligurian",4.55,2
"Emilian, Contemporary",4.55,2
"American, Steakhouse",4.55,2
"Venetian, Classic Cuisine",4.55,6
"Sicilian, Contemporary",4.55,8
"Modern Cuisine, Organic",4.55,4
"Chinese, Contemporary",4.55,8
"Classic French, International",4.55,8
"Italian Contemporary, Piedmontese",4.55,2
"Vegetarian, Creative",4.55,4
"Modern French, French Contemporary",4.55,4
"Catalan, Seasonal Cuisine",4.55,2
"Mediterranean Cuisine, Contemporary",4.55,24
"Lombardian, Traditional Cuisine",4.55,8
"Cuban, Regional Cuisine",4.55,2
"Traditional Cuisine, Alsatian",4.55,4
"Indian, Asian",4.55,2
"Contemporary, Southern",4.55,2
"Vegan, Modern Cuisine",4.55,2
"Campanian, Traditional Cuisine",4.55,8
"Mediterranean Cuisine, Middle Eastern",4.55,4
"Classic Cuisine, Grills",4.55,2
Danish,4.55,4
"Mediterranean Cuisine, Traditional Cuisine",4.55,6
"Fusion, Mexican",4.55,4
"Traditional Cuisine, Rice Dishes",4.55,2
"Cuisine from Lazio, Traditional Cuisine",4.55,4
"Japanese, Udon",4.55,2
"Mediterranean Cuisine, American Contemporary",4.55,2
Lao,4.55,2
Campanian,4.55,4
"Alpine, Contemporary",4.55,2
"Deli, American",4.55,2
"Modern Cuisine, Ligurian",4.55,2
"Italian Contemporary, Asian Influences",4.55,2
"Modern Cuisine, Finnish",4.55,2
Traditional British,4.549090909090910,55
"Seafood, Italian",4.545454545454550,11
Mediterranean Cuisine,4.545089285714290,227
"Turkish, Modern Cuisine",4.544444444444440,9
Piedmontese,4.54375,17
"Mediterranean Cuisine, Modern Cuisine",4.543243243243240,37
"Contemporary, Traditional Cuisine",4.542857142857140,14
"Modern French, International",4.542857142857140,7
"Regional Cuisine, Country cooking",4.542857142857140,7
Provençal,4.542857142857140,35
Traditional Cuisine,4.5412483039348700,742
"Thai, Regional Cuisine",4.540000000000000,5
"French, Farm to table",4.54,5
"Italian Contemporary, Country cooking",4.54,5
"Venetian, Modern Cuisine",4.54,5
"Classic French, Mediterranean Cuisine",4.54,5
"Contemporary, Farm to table",4.54,10
"Austrian, Traditional Cuisine",4.54,5
"French, American",4.54,5
Brazilian,4.538888888888890,18
Argentinian,4.5375,8
"Mediterranean Cuisine, Sardinian",4.533333333333330,3
"Regional Cuisine, Alpine",4.533333333333330,6
"Grills, Meats and Grills",4.533333333333330,3
"Korean, Regional Cuisine",4.533333333333330,3
"Chinese, Taiwanese",4.533333333333330,3
"French, Mediterranean Cuisine",4.533333333333330,3
Croatian,4.533333333333330,3
"Contemporary, Bakery",4.533333333333330,3
"Contemporary, Japanese Contemporary",4.533333333333330,3
"Sushi, Contemporary",4.533333333333330,3
"Asian, American",4.533333333333330,3
"Fusion, Contemporary",4.533333333333330,6
"French, Traditional Cuisine",4.533333333333330,6
"Seafood, International",4.533333333333330,3
"Vietnamese, Contemporary",4.533333333333330,3
Beijing Cuisine,4.530769230769230,15
"Contemporary, Italian",4.530769230769230,13
"Traditional Cuisine, Modern Cuisine",4.529629629629630,28
"Italian, Mediterranean Cuisine",4.529166666666670,24
Gastropub,4.5285714285714300,7
"Modern French, Creative",4.526666666666670,15
"Italian Contemporary, Italian",4.525,4
"Italian, Traditional Cuisine",4.525,4
Rice Dishes,4.525,4
Venetian,4.525,4
Apulian,4.525,4
"International, Asian",4.525,4
"Asian, Fusion",4.5250000000000000,8
Greek,4.5250000000000000,24
"Alpine, Modern Cuisine",4.5250000000000000,4
"Italian Contemporary, Creative",4.5227272727272700,22
"Mexican, Contemporary",4.522222222222220,36
"Farm to table, Traditional Cuisine",4.522222222222220,9
"Seafood, Mediterranean Cuisine",4.522222222222220,27
European Contemporary,4.522077922077920,79
"Italian, Classic Cuisine",4.521739130434780,23
"French, International",4.5200000000000000,5
"Traditional Cuisine, Grills",4.5200000000000000,5
Southern Thai,4.519230769230770,27
World Cuisine,4.51875,16
Asian Influences,4.5181818181818200,11
American,4.518055555555560,72
Meats and Grills,4.516901408450700,71
"Mediterranean Cuisine, International",4.516666666666670,6
"Spanish, Contemporary",4.514285714285710,7
"Traditional Cuisine, French",4.514285714285710,7
"Seafood, Mexican",4.514285714285710,7
Kushiage,4.514285714285710,7
Californian,4.511111111111110,36
Teppanyaki,4.51,10
Korean,4.508333333333330,36
Vegetarian,4.506666666666670,52
Sushi,4.5062992125984200,128
"Israeli, Modern Cuisine",4.5,1
"Fusion, Vietnamese",4.5,2
"Israeli, Middle Eastern",4.5,3
"Peruvian, Fusion",4.5,2
"Creative French, Traditional Cuisine",4.5,2
"Contemporary, Catalan",4.5,2
"Tuscan, Traditional Cuisine",4.5,16
"Thai, Californian",4.5,3
"American Contemporary, Regional Cuisine",4.5,1
Organic,4.5,7
"Contemporary, Castilian",4.5,1
Sardinian,4.5,2
"Country cooking, French",4.5,1
"Indonesian, Thai and Vietnamese",4.5,1
"Thai, Japanese",4.5,1
"Piedmontese, Mediterranean Cuisine",4.5,1
"Meats and Grills, Classic Cuisine",4.5,4
"Mantuan, Seasonal Cuisine",4.5,1
"Peruvian, Japanese",4.5,1
"Spanish Contemporary, Creative",4.5,1
"Contemporary, Ligurian",4.5,1
"Cuisine from Romagna, Seasonal Cuisine",4.5,1
"Vietnamese, Noodles",4.5,1
"Italian, Farm to table",4.5,2
"Seafood, Ligurian",4.5,4
"Creative French, Regional Cuisine",4.5,1
"Seafood, Cuisine from the Marches",4.5,2
"Venezuelan, Small eats",4.5,1
Eastern European,4.5,3
"Thai-Chinese, Southern Thai",4.5,1
"International, Asian and Western",4.5,1
"Traditional Cuisine, Piedmontese",4.5,2
"Creative French, Country cooking",4.5,1
Burmese,4.5,4
"Contemporary, Meats and Grills",4.5,2
"Japanese, Curry",4.5,1
"Cuisine from the Marches, Creative",4.5,1
"Californian, Farm to table",4.5,1
"Taiwanese, Asian",4.5,1
"Emilian, Home Cooking",4.5,1
"Modern French, Classic French",4.5,3
"Classic French, Meats and Grills",4.5,1
"American, Asian",4.5,1
"Meats and Grills, Modern Cuisine",4.5,1
"Modern French, Modern Cuisine",4.5,6
"Italian, Pizza",4.5,8
"Ethiopian, Fusion",4.5,1
"Malaysian, Indonesian",4.5,1
"Italian, Vegetarian",4.5,1
"Steakhouse, Seafood",4.5,2
"Piedmontese, Italian Contemporary",4.5,1
"Traditional Cuisine, Apulian",4.5,1
"Malaysian, Californian",4.5,1
"Balkan, International",4.5,1
"French, Creative French",4.5,1
Afghan,4.5,2
"Italian, Provençal",4.5,1
"Austrian, Country cooking",4.5,1
"Asian Contemporary, Peruvian",4.5,1
"Danish, Seasonal Cuisine",4.5,1
"Meats and Grills, Modern French",4.5,1
"Filipino, Contemporary",4.5,3
"Grills, Classic Cuisine",4.5,2
Shojin,4.5,2
Czech,4.5,1
"Italian, Tuscan",4.5,2
"Cuisine from Valtellina, Lombardian",4.5,1
"American, American Contemporary",4.5,4
"Balkan, Traditional Cuisine",4.5,1
"Ethiopian, American",4.5,1
"Japanese, Sukiyaki",4.5,1
"Asian and Western, International",4.5,1
"Fusion, Ramen",4.5,1
"Apulian, Modern Cuisine",4.5,10
"Rice Dishes, Traditional Cuisine",4.5,1
"Japanese, Onigiri",4.5,1
"French, Regional Cuisine",4.5,3
"Austrian, Classic Cuisine",4.5,2
"Steakhouse, Californian",4.5,1
"Tuscan, Regional Cuisine",4.5,2
"Country cooking, Bavarian",4.5,1
"Korean, Vegetarian",4.5,1
"German, Contemporary",4.5,2
"Fusion, Peruvian",4.5,1
"American, Grills",4.5,1
"French, Belgian",4.5,3
"Regional Cuisine, Mexican",4.5,1
"Contemporary, Greek",4.5,2
"Seafood, North American",4.5,1
"Californian, Vegetarian",4.5,1
"Greek, Seafood",4.5,3
"Israeli, Contemporary",4.5,1
"Vegetarian, Seafood",4.5,1
"Mediterranean Cuisine, American",4.5,2
"Cuisine from Abruzzo, Seafood",4.5,1
"Cuisine from Abruzzo, Meats and Grills",4.5,1
"Umbrian, Modern Cuisine",4.5,1
"Contemporary, Country cooking",4.5,3
"Sri Lankan, South Indian",4.5,1
"Mediterranean Cuisine, French",4.5,1
"English, Contemporary",4.5,1
"Meats and Seafood, Grills",4.5,1
"Rice Dishes, Seafood",4.5,1
"Brazilian, Grills",4.5,1
"Spanish, Mediterranean Cuisine",4.5,2
"Modern Cuisine, Piedmontese",4.5,2
Cuisine from Romagna,4.5,1
"Italian Contemporary, Venetian",4.5,1
"South Indian, Sri Lankan",4.5,1
"Roman, Traditional Cuisine",4.5,2
"Traditional Cuisine, Fusion",4.5,1
"International, Asian Influences",4.5,3
"Emilian, Traditional Cuisine",4.5,13
"Contemporary, Vietnamese",4.5,1
Duck Specialities,4.5,1
"French, Seafood",4.5,2
"Seafood, Catalan",4.5,1
"Contemporary, Japanese",4.5,1
"Southern, Regional Cuisine",4.5,2
"Mediterranean Cuisine, Catalan",4.5,1
"American, Mexican",4.5,1
"Seafood, Cuisine from Romagna",4.5,1
"Calabrian, Traditional Cuisine",4.5,3
"Classic Cuisine, Home Cooking",4.5,1
"Pizza, American",4.5,2
"Indian, Fusion",4.5,1
"Mediterranean Cuisine, Fusion",4.5,2
"Fusion, International",4.5,2
"Vegan, Innovative",4.5,2
"Vietnamese, Cambodian",4.5,1
"Cuban, American",4.5,1
German,4.5,3
"Modern Cuisine, Grills",4.5,2
"Vegan, Creative",4.5,1
"South American, Mediterranean Cuisine",4.5,1
"Steakhouse, Regional Cuisine",4.5,1
"African, Caribbean",4.5,1
"Tuscan, Italian Contemporary",4.5,1
"Farm to table, Seafood",4.5,1
"Barbecue, Grills",4.5,1
"Indian, Pakistani",4.5,1
"Filipino, Fusion",4.5,1
"Barbecue, Tex-Mex",4.5,1
"Swiss, Mediterranean Cuisine",4.5,2
"Modern Cuisine, Balkan",4.5,1
"Traditional Cuisine, Sharing",4.5,1
"Seafood, Classic French",4.5,1
"Cuisine from the Aosta Valley, Italian",4.5,2
"Meats and Grills, Barbecue",4.5,3
"Mediterranean Cuisine, Spanish",4.5,1
"Traditional Cuisine, Belgian",4.5,1
"Contemporary, Apulian",4.5,2
"Pizza, Italian-American",4.5,1
"Cuisine from the Aosta Valley, Traditional Cuisine",4.5,1
"Modern Cuisine, Pizza",4.5,1
"Beef, Farm to table",4.5,1
"Peruvian, Contemporary",4.5,1
"Emilian, Meats and Grills",4.5,1
"Turkish, Grills",4.5,1
"Seafood, Californian",4.5,1
"Thai, Lao",4.5,1
Russian,4.5,1
"Swedish, Small eats",4.5,1
"Lamb Specialities, Regional European",4.5,1
"Scottish, Traditional Cuisine",4.5,1
"Cuban, Latin American",4.5,1
"Mediterranean Cuisine, Gastropub",4.5,1
"Tuscan, Grills",4.5,1
"Contemporary, Tuscan",4.5,3
"Contemporary, European Contemporary",4.5,1
"Modern Cuisine, Sushi",4.5,1
"Emilian, Classic Cuisine",4.5,3
"Lombardian, Contemporary",4.5,2
"Vietnamese, Modern Cuisine",4.5,1
"International, Steakhouse",4.5,1
"Pizza, Sharing",4.5,1
"Californian, Asian Contemporary",4.5,1
"Modern French, Home Cooking",4.5,1
"American, Bakery",4.5,1
"French, German",4.5,1
"Cuisine from Romagna, Traditional Cuisine",4.5,3
"French, European Contemporary",4.5,1
"American, International",4.5,1
"Californian, American",4.5,1
"Seafood, Vegetarian",4.5,1
"Japanese, Peruvian",4.5,2
"Italian Contemporary, Classic Cuisine",4.5,1
"Lombardian, Modern Cuisine",4.5,2
"Creative, North African",4.5,1
"Italian, Contemporary",4.496666666666670,30
Turkish,4.495833333333330,24
European,4.495652173913040,25
French,4.493698630136990,371
Japanese Contemporary,4.493333333333330,45
"French, Contemporary",4.493181818181820,45
Middle Eastern,4.492857142857140,28
"Contemporary, Seafood",4.488888888888890,18
Italian,4.4877403846153800,418
Galician,4.4875,8
"Traditional Cuisine, Classic French",4.4875,8
"Seafood, Contemporary",4.486363636363640,23
"Californian, Contemporary",4.485714285714290,14
"Cuisine from Abruzzo, Traditional Cuisine",4.485714285714290,7
Lebanese,4.485714285714290,14
"International, Mediterranean Cuisine",4.484615384615390,13
Mexican,4.482608695652170,116
"Japanese, Fusion",4.4818181818181800,11
Steakhouse,4.48,56
"Contemporary, Modern French",4.4800000000000000,5
"Seafood, American",4.4800000000000000,5
"Mediterranean Cuisine, Seasonal Cuisine",4.4800000000000000,10
Corsican,4.4800000000000000,5
"Seafood, Regional Cuisine",4.477777777777780,9
Chao Zhou,4.4750000000000000,17
Taiwanese contemporary,4.475,8
Emilian,4.475,20
Tuscan,4.475,24
"Traditional Cuisine, Seafood",4.475,4
"Mediterranean Cuisine, Country cooking",4.475,4
"Italian, Italian-American",4.4714285714285700,7
Zhejiang,4.470000000000000,21
"Mexican, Regional Cuisine",4.46875,32
Chinese Contemporary,4.46875,16
"Asian, Chinese",4.466666666666670,3
Alsatian,4.466666666666670,6
"Venetian, Seafood",4.466666666666670,3
"Modern Cuisine, Tuscan",4.466666666666670,3
"Vietnamese, Regional Cuisine",4.466666666666670,3
Basque,4.466666666666670,18
Swedish,4.466666666666670,3
"Mediterranean Cuisine, Grills",4.466666666666670,3
"Chinese, Asian Contemporary",4.466666666666670,3
"Traditional Cuisine, Home Cooking",4.466666666666670,3
"Contemporary, French Contemporary",4.466666666666670,3
"Korean, Steakhouse",4.466666666666670,3
"Farm to table, Classic French",4.466666666666670,3
"Ligurian, Classic Cuisine",4.466666666666670,3
"Contemporary, Asian",4.466666666666670,3
Indian,4.464102564102560,117
Catalan,4.463636363636360,11
Seafood,4.4633802816901400,363
"Seafood, Seasonal Cuisine",4.4625,8
"American, Southern",4.46,5
Tex-Mex,4.46,5
Israeli,4.46,5
"Asian, Contemporary",4.460000000000000,5
Northern Thai,4.458823529411770,17
Grills,4.458333333333330,25
"Japanese, Izakaya",4.457142857142860,7
"Vegetarian, Contemporary",4.457142857142860,7
Persian,4.457142857142860,7
Lyonnaise,4.457142857142860,7
"Italian, Regional Cuisine",4.457142857142860,14
"Contemporary, International",4.45625,16
Hang Zhou,4.453846153846150,16
"American, Italian",4.45,4
Austrian,4.45,16
"French Contemporary, Creative",4.45,2
Yakitori,4.45,33
"Mediterranean Cuisine, Sicilian",4.45,2
"Mexican, Modern Cuisine",4.45,2
"Traditional Cuisine, Lyonnaise",4.45,2
"Sicilian, Creative",4.45,2
"Meats and Grills, International",4.45,4
"Seafood, Asian Influences",4.45,2
"Thai, Southern Thai",4.45,2
"Seafood, Classic Cuisine",4.45,38
"Campanian, Home Cooking",4.45,2
Indian Vegetarian,4.45,4
"Ligurian, Modern Cuisine",4.45,4
"Classic Cuisine, Seafood",4.45,6
"Emilian, Seasonal Cuisine",4.45,2
"Barbecue, Mexican",4.45,2
"Traditional British, Mediterranean Cuisine",4.45,2
"American, Contemporary",4.45,22
"American, Regional Cuisine",4.45,6
"Regional Cuisine, Italian Contemporary",4.45,2
Deli,4.45,4
"Organic, Modern Cuisine",4.450000000000000,2
"Sicilian, Classic Cuisine",4.450000000000000,2
"Creative, Andalusian",4.450000000000000,2
"Cantonese, Chinese Contemporary",4.450000000000000,2
"Contemporary, Sicilian",4.450000000000000,2
"Californian, Mediterranean Cuisine",4.450000000000000,2
Portuguese,4.450000000000000,18
"German, Modern Cuisine",4.450000000000000,2
Peruvian,4.448275862068970,29
Asian,4.447916666666670,48
Spanish Contemporary,4.442857142857140,7
"Classic Cuisine, Italian",4.442857142857140,14
"Greek, Mediterranean Cuisine",4.442857142857140,7
Hunanese,4.442857142857140,11
"Japanese Contemporary, Fusion",4.44,5
Emirati Cuisine,4.4400000000000000,5
"Mexican, Californian",4.4400000000000000,5
"Chinese, Dumplings",4.4400000000000000,5
"Traditional Cuisine, Farm to table",4.4400000000000000,15
Fujian,4.4375,49
"Umbrian, Contemporary",4.433333333333330,3
"Modern Cuisine, Alsatian",4.433333333333330,3
"Italian, Californian",4.433333333333330,6
"Thai, Asian",4.433333333333330,3
Sri Lankan,4.433333333333330,6
"Chinese, Regional Cuisine",4.433333333333330,9
"Seafood, Venetian",4.433333333333330,3
"Grills, Turkish",4.433333333333330,3
"Campanian, Modern Cuisine",4.433333333333330,3
"Mediterranean Cuisine, Turkish",4.433333333333330,3
"Creative, Mexican",4.433333333333330,3
"Seasonal Cuisine, Traditional Cuisine",4.433333333333330,3
Yunnanese,4.433333333333330,6
"Pizza, Italian",4.433333333333330,6
"Peruvian, Latin American",4.433333333333330,3
Spanish,4.43235294117647,69
"Venetian, Seasonal Cuisine",4.428571428571430,7
"American, Californian",4.425,4
"Asian, Japanese",4.425,4
"Contemporary, North American",4.425,8
"Classic Cuisine, Belgian",4.425,4
"Chinese, Shanghainese",4.425,4
"Venetian, Traditional Cuisine",4.422222222222220,9
Innovative,4.419101123595510,91
"Thai, Contemporary",4.416666666666670,6
"Italian, Seafood",4.416666666666670,6
Isan,4.413636363636360,23
Sichuan,4.4135135135135100,52
Thai,4.4117021276595700,190
Pizza,4.410344827586210,29
Barbecue,4.408163265306120,51
"Traditional Cuisine, Cuisine from Franche-Comté",4.4,1
"Cuisine from Lazio, Classic Cuisine",4.4,1
"Regional Cuisine, Rice Dishes",4.4,1
"Meats and Grills, Mediterranean Cuisine",4.4,1
"Italian, Sardinian",4.4,1
"Portuguese, Californian",4.4,1
"Moroccan, Regional Cuisine",4.4,1
"Meats and Grills, American",4.4,1
"Scandinavian, Swedish",4.4,1
"Chinese, French",4.4,1
"Provençal, Mediterranean Cuisine",4.4,2
"Organic, Vegetarian",4.4,2
"Rice Dishes, Farm to table",4.4,1
"Mexican, International",4.4,1
"Asian Influences, Turkish",4.4,1
"Asian, Sichuan",4.4,1
"Seafood, Apulian",4.4,1
"European, International",4.4,1
"Modern French, Traditional Cuisine",4.4,1
"French Contemporary, Japanese",4.4,1
"Traditional Cuisine, Argentinian",4.4,1
"Sicilian, Seafood",4.4,2
"Creative, World Cuisine",4.4,2
"South East Asian, Seafood",4.4,1
"Asian and Western, World Cuisine",4.4,1
"Asian, Dim Sum",4.4,1
"Seafood, Oyster Specialities",4.4,2
"Korean, Beef",4.4,1
"Italian-American, Regional Cuisine",4.4,1
"Peruvian, Japanese Contemporary",4.4,2
"Traditional Cuisine, Tuscan",4.4,1
"Tuscan, Classic Cuisine",4.4,4
"Izakaya, Barbecue",4.4,1
"Brazilian, Pork",4.4,1
"World Cuisine, Modern French",4.4,1
"Basque, Spanish",4.4,1
"Seasonal Cuisine, Innovative",4.4,1
"Cantonese, Asian",4.4,1
"Farm to table, Home Cooking",4.4,1
"International, Mexican",4.4,1
"Japanese Contemporary, Korean",4.4,1
"Traditional Cuisine, Turkish",4.4,1
"Contemporary, Grills",4.4,1
"Creole, Cajun",4.4,1
"World Cuisine, Fusion",4.4,1
"Italian Contemporary, Vegan",4.4,1
"Contemporary, Basque",4.4,1
"Vietnamese, Vegetarian",4.4,1
"Asian, Ramen",4.4,1
"Italian Contemporary, Contemporary",4.4,1
"Persian, Regional Cuisine",4.4,2
"Alpine, Seasonal Cuisine",4.4,1
"Piedmontese, Farm to table",4.4,1
"Contemporary, European",4.4,1
"Traditional Cuisine, Modern French",4.4,2
"Bakery, American",4.4,1
"Thai, Fusion",4.4,1
"Italian, Roman",4.4,2
"Mediterranean Cuisine, Rice Dishes",4.4,1
"Italian Contemporary, Grills",4.4,1
"Singaporean, Contemporary",4.4,1
"Apulian, Country cooking",4.4,1
"Regional Cuisine, Seafood",4.4,2
"Traditional Cuisine, Catalan",4.4,1
"Classic Cuisine, Alpine",4.4,1
"Caribbean, Latin American",4.4,1
"Regional Cuisine, Swedish",4.4,1
"South East Asian, Vietnamese",4.4,1
"Cuisine from Lazio, Home Cooking",4.4,1
"Portuguese, Asian Influences",4.4,1
"Milanese, Lombardian",4.4,1
"Cuisine from South West France, Country cooking",4.4,1
"Farm to table, German",4.4,2
"Asian Contemporary, Dim Sum",4.4,1
"French Contemporary, Sharing",4.4,1
"Home Cooking, Grills",4.4,1
"Californian, French",4.4,1
Savoyard,4.4,2
"Belgian, Traditional Cuisine",4.4,1
"Indonesian, South East Asian",4.4,1
"Modern Cuisine, Calabrian",4.4,1
"Italian, French",4.4,1
"Seafood, Traditional Cuisine",4.4,13
"Korean, Seasonal Cuisine",4.4,1
"Steakhouse, Italian Contemporary",4.4,1
"Argentinian, Steakhouse",4.4,1
"Vegetarian, French",4.4,1
"Modern Cuisine, Sharing",4.4,1
"Brazilian, Modern Cuisine",4.4,1
Yukhoe,4.4,1
"Small eats, Congee",4.4,1
"Thai, South East Asian",4.4,1
Cuisine from Basilicata,4.4,2
"Asian, Singaporean",4.4,1
"Spanish, Rice Dishes",4.4,1
"Russian, Turkish",4.4,1
"Pizza, Californian",4.4,1
"Emilian, Country cooking",4.4,4
"Roman, Classic Cuisine",4.4,1
"Mediterranean Cuisine, Traditional British",4.4,1
"Bavarian, International",4.4,1
"Smørrebrød, Seasonal Cuisine",4.4,1
Caribbean,4.4,1
"Lebanese, Vegetarian",4.4,1
Crab Specialities,4.4,1
"Meats and Grills, Country cooking",4.4,1
"Fusion, Mediterranean Cuisine",4.4,2
"Vegan, Southern",4.4,1
"Alsatian, Country cooking",4.4,2
"American, Classic Cuisine",4.4,1
"Isan, Thai",4.4,1
"Turkish, Traditional Cuisine",4.4000000000000000,6
Sicilian,4.4000000000000000,4
"Japanese, Traditional Cuisine",4.4000000000000000,3
Andalusian,4.4000000000000000,3
"Fusion, Asian Contemporary",4.4000000000000000,3
"Tuscan, Country cooking",4.4000000000000000,3
"Campanian, Seafood",4.4000000000000000,3
"Creative, Alpine",4.4000000000000000,3
Izakaya,4.393939393939390,33
"Steakhouse, American",4.390909090909090,11
Tonkatsu,4.385714285714290,15
Taizhou,4.384615384615390,13
Southern,4.383333333333330,6
"Indian, Regional Cuisine",4.381818181818180,11
Vietnamese,4.38,71
Congee,4.375,5
"Classic Cuisine, French",4.375,4
"Japanese, Soba",4.375,4
Chinese,4.367647058823530,106
"Seafood, Farm to table",4.366666666666670,3
"Italian, Sicilian",4.366666666666670,6
"Mediterranean Cuisine, Italian",4.366666666666670,9
Fugu / Pufferfish,4.36,5
Dwaeji-gukbap,4.36,5
Moroccan,4.360000000000000,5
"Chinese, Sichuan",4.3545454545454500,23
Taiwanese,4.353947368421050,82
"Fusion, Chinese",4.35,2
"Piedmontese, Seasonal Cuisine",4.35,2
"Mediterranean Cuisine, Sharing",4.35,2
Cuban,4.35,4
Shandong,4.35,5
"Italian-American, Pizza",4.35,2
"Farm to table, Italian",4.35,2
"Creative, Italian",4.35,4
"Southern, Creole",4.35,2
"Grills, Traditional Cuisine",4.35,2
Jamaican,4.35,2
"Italian, Venetian",4.35,2
Small eats,4.349367088607600,86
Hotpot,4.3428571428571400,10
Malaysian,4.340909090909090,22
"Meats and Grills, Grills",4.34,5
"Roman, Italian",4.333333333333330,3
"Lebanese, Middle Eastern",4.333333333333330,3
South American,4.333333333333330,3
"Roman, Cuisine from Lazio",4.333333333333330,3
Italian-American,4.328571428571430,7
"Mediterranean Cuisine, Seafood",4.322222222222220,9
"Korean, Barbecue",4.32,5
"Indian, Contemporary",4.31764705882353,17
"Chinese, Cantonese",4.316666666666670,12
"Mexican, Traditional Cuisine",4.314285714285710,7
Indonesian,4.314285714285710,7
"Organic, Creative French",4.3,1
"Cuisine from Basilicata, Traditional Cuisine",4.3,1
"Cuisine from Lazio, Seafood",4.3,1
"Cantonese, Contemporary",4.3,1
"Regional European, Contemporary",4.3,1
"Regional European, Turkish",4.3,1
"Izakaya, Sushi",4.3,1
"Creole, Creative",4.3,1
"Andalusian, Farm to table",4.3,1
"Teochew, Cantonese",4.3,1
"Creative, Italian and Japanese",4.3,1
"Spanish, Basque",4.3,1
"Colombian, Latin American",4.3,1
"Traditional Cuisine, Mexican",4.3,1
"Korean, American",4.3,1
"Italian, Spanish Contemporary",4.3,1
"South East Asian, Californian",4.3,1
"Creative, Dumplings",4.3,1
Ligurian,4.3,5
Burgundian,4.3,1
"Cantonese, American",4.3,1
"Middle Eastern, Regional Cuisine",4.3,2
"Seafood, Barbecue",4.3,1
"Korean, Duck Specialities",4.3,1
"Organic, Seasonal Cuisine",4.3,1
"Cuisine from Basilicata, Italian",4.3,1
"Sharing, Regional Cuisine",4.3,1
Nepali,4.3,1
"Japanese Contemporary, Classic Cuisine",4.3,1
"Steakhouse, Spanish",4.3,1
"Latin American, European Contemporary",4.3,1
"Californian, Seafood",4.3,1
"Yakitori, French",4.3,1
Doganitang,4.3,1
"Traditional Cuisine, Galician",4.3,1
"Jamaican, Caribbean",4.3,1
"Thai-Chinese, Thai",4.3,1
"Italian Contemporary, International",4.3,1
"Bavarian, Grills",4.3,1
"Portuguese, Creative",4.3,1
"Farm to table, Vegetarian",4.3,1
"Mediterranean Cuisine, Roman",4.3,1
Thai-Chinese,4.3,18
"Indian, South Indian",4.3,1
"Filipino, Californian",4.3,1
"Mexican, Tex-Mex",4.3,1
"South American, Grills",4.3,1
"Portuguese, Regional Cuisine",4.3,1
Shabu-shabu,4.3,1
"Friulian, Seasonal Cuisine",4.3,1
"Classic Cuisine, French Contemporary",4.3,1
"Barbecue, Ethiopian",4.3,1
"Spanish, Small eats",4.3,1
"Israeli, Mediterranean Cuisine",4.3,1
"Traditional Cuisine, Provençal",4.3,1
Italian and Japanese,4.3,1
"Southern, Steakhouse",4.3,1
"South American, Fusion",4.3,1
"Contemporary, Alpine",4.3,1
"South American, Asian",4.3,1
"Turkish, Contemporary",4.3,1
"Chinese, Hunanese and Sichuan",4.3,1
"Contemporary, Deli",4.3,1
"Brazilian, Farm to table",4.3,1
"Udon, Japanese",4.3,1
"Peruvian, Seafood",4.3,1
"Fusion, American",4.3,1
"Meats and Grills, Italian",4.3,1
"Caribbean, Regional Cuisine",4.3,1
"Contemporary, Spanish Contemporary",4.3,1
"International, Balkan",4.3,1
Belgian,4.3,5
"Creative, Greek",4.3,1
"Country cooking, Regional European",4.3,1
"Cuisine from the Marches, Italian",4.3,1
"Indonesian, Balinese",4.3,1
"Chinese, Organic",4.3,1
Dim Sum,4.29375,19
Cantonese,4.29047619047619,205
Singaporean,4.288888888888890,10
Yoshoku,4.2875,8
Huaiyang,4.271428571428570,8
"Teppanyaki, Okonomiyaki",4.266666666666670,3
"Sharing, International",4.266666666666670,3
Unagi / Freshwater Eel,4.2615384615384600,14
"Southern, American",4.26,5
Dongbei,4.25,2
"Fusion, Indian",4.25,2
"Grills, Seafood",4.25,2
"Italian-American, Italian",4.25,2
Gejang,4.25,3
"Alsatian, Traditional Cuisine",4.25,2
"Asian, Sushi",4.25,2
"Spanish, Seafood",4.25,2
Macanese,4.25,2
Peranakan,4.247368421052630,19
Noodles,4.246376811594200,152
Ramen,4.237777777777780,45
Soba,4.234210526315790,38
"Chinese, Asian",4.233333333333330,3
Hakkanese,4.233333333333330,3
Dumplings,4.228571428571430,8
"Sicilian, Traditional Cuisine",4.225,5
"Belgian, Classic Cuisine",4.220000000000000,5
Udon,4.214285714285710,7
Pork,4.2,2
"Asian Contemporary, Fusion",4.2,1
"Huaiyang, Sichuan",4.2,2
"Korean, Asian",4.2,2
"Campanian, Mediterranean Cuisine",4.2,2
"Chinese, Beijing Cuisine",4.2,1
"Seafood, Sicilian",4.2,1
"French Contemporary, South American",4.2,1
"Apulian, Seafood",4.2,2
"Grills, Mediterranean Cuisine",4.2,1
"Alpine, Traditional Cuisine",4.2,2
"Mexican, Latin American",4.2,1
"Swedish, Modern Cuisine",4.2,1
"Modern Cuisine, Emirati Cuisine",4.2,1
"Contemporary, Hungarian",4.2,1
"International, South American",4.2,1
"Indian, Californian",4.2,1
"Cantonese, Modern Cuisine",4.2,1
"Thai, American",4.2,1
"Southern, International",4.2,1
"Roman, Farm to table",4.2,1
"Meats and Grills, Classic French",4.2,1
"Flemish, Regional Cuisine",4.2,1
"Seafood, Asian",4.2,1
Jokbal,4.2,2
"Indian, Classic Cuisine",4.2,1
"International, Sushi",4.2,1
"Thai, Burmese",4.2,1
"Farm to table, Meats and Grills",4.2,1
"European, Italian",4.2,1
"Thai, Isan",4.2,2
"Turkish, Mediterranean Cuisine",4.2,4
"Greek, Contemporary",4.2,1
"Japanese Contemporary, Peruvian",4.2,1
"Norwegian, Contemporary",4.2,1
"Creative French, Belgian",4.2,1
"Persian, Grills",4.2,1
Onigiri,4.2,1
"Latin American, Regional Cuisine",4.200000000000000,2
Jiangzhe,4.200000000000000,12
"Fusion, Asian",4.200000000000000,2
Shanghainese,4.193103448275860,30
Swiss,4.18,5
Mandu,4.18,5
"Chinese, Dim Sum",4.1692307692307700,13
"Cantonese, Chinese",4.166666666666670,3
Teochew,4.166666666666670,3
Oden,4.15,5
Kalguksu,4.15,4
Street Food,4.139097744360900,269
"Sri Lankan, Contemporary",4.1,1
"Country cooking, Swiss",4.1,1
"Portuguese, Classic Cuisine",4.1,1
Tibetan,4.1,1
"Cuisine from the Marches, Country cooking",4.1,1
Xinjiang,4.1,1
"Latin American, International",4.1,1
"Peruvian, Asian Influences",4.1,1
"Japanese Contemporary, South American",4.1,1
Seolleongtang,4.1,4
Dubu,4.1,2
Flemish,4.1,1
"Meats and Grills, Turkish",4.1,1
"Barbecue, Argentinian",4.1,1
"Lyonnaise, French",4.1,1
"Farm to table, Meats and Seafood",4.1,1
"Farm to table, Turkish",4.1,1
"Creative French, Creative",4.1,1
"Classic French, Country cooking",4.1,1
"American, Seafood",4.1,1
"French Contemporary, Regional Cuisine",4.1,1
"Indian, Gastropub",4.1,1
"Hunanese, Sichuan",4.1,1
"Pakistani, Indian",4.1,1
Noodles and Congee,4.055555555555560,10
Obanzai,4.05,2
Naengmyeon,4.033333333333330,10
Gomtang,4.0200000000000000,5
Sujebi,4,1
"Farm to table, Italian Contemporary",4,1
"Spanish, Spanish Contemporary",4,1
"Chinese, Shaanxi",4,1
Singaporean and Malaysian,4,1
Xibei,4,1
Hui Cuisine,4,2
"Contemporary, Asian Influences",4,1
"Seafood, Latin American",4,1
"Asian Contemporary, Sharing",4,1
Chueotang,4,1
"Cantonese, Seafood",4,1
"Chinese, Duck Specialities",4,2
Ningbo,3.9800000000000000,7
Memil-guksu,3.9666666666666700,3
"Belgian, Classic French",3.95,2
Bulgogi,3.95,2
"Shanghainese, Sichuan",3.9500000000000000,2
"Catalan, Traditional Cuisine",3.9333333333333300,3
Shun Tak,3.925,4
"Hunanese, Jiangzhe",3.9,1
"Farm to table, Andalusian",3.9,1
"American Contemporary, Meats and Seafood",3.9,1
Chiu Chow,3.9,3
"Malaysian, Peranakan",3.9,1
Cantonese Roast Meats,3.875,4
Cuisine from South West France,3.8,1
"Chinese Contemporary, Cantonese",3.8,2
"Traditional Cuisine, Alpine",3.7,1
Roman,3.7,1
"Classic French, Asian",3.5,1
"Asian, International",3.4,1
"Cuisine from Basilicata, Country cooking",3.3,1
"Scottish, Modern British",,1
"Vegetarian, Farm to table",,1
"Noodles, Taiwanese",,1
"Sichuan, Taiwanese",,1
"Swiss, International",,1
Hainanese,,1